bilibili,bili_count,,dy,dy_count,,tiktok,tiktok_count,,youtube,youtube_count,,wb,wb_count
,,,2022年5月,92,,2022年5月,0,,2022年5月,1,,2022年5月,0
,,,2022年6月,8,,2022年6月,0,,2022年6月,1,,2022年6月,0
,,,2022年7月,6,,2022年7月,0,,2022年7月,4,,2022年7月,0
,,,2022年8月,9,,2022年8月,0,,2022年8月,1,,2022年8月,0
,,,2022年9月,5,,2022年9月,0,,2022年9月,1,,2022年9月,0
,,,2022年10月,7,,2022年10月,0,,2022年10月,1,,2022年10月,0
,,,2022年11月,1,,2022年11月,0,,2022年11月,2,,2022年11月,0
,,,2022年12月,120,,2022年12月,0,,2022年12月,1,,2022年12月,0
,,,2023年1月,100,,2023年1月,0,,2023年1月,1,,2023年1月,0
,,,2023年2月,85,,2023年2月,0,,2023年2月,19,,2023年2月,0
,,,2023年3月,98,,2023年3月,0,,2023年3月,63,,2023年3月,0
,,,2023年4月,34,,2023年4月,0,,2023年4月,61,,2023年4月,0
,,,2023年5月,98,,2023年5月,1,,2023年5月,98,,2023年5月,0
,,,2023年6月,202,,2023年6月,839,,2023年6月,36,,2023年6月,0
,,,2023年7月,104,,2023年7月,116,,2023年7月,7,,2023年7月,0
,,,2023年8月,55,,2023年8月,38,,2023年8月,3,,2023年8月,0
,,,2023年9月,63,,2023年9月,1,,2023年9月,4,,2023年9月,1
,,,2023年10月,174,,2023年10月,1,,2023年10月,61,,2023年10月,1
,,,2023年11月,79,,2023年11月,96,,2023年11月,21,,2023年11月,1
,,,2023年12月,158,,2023年12月,53,,2023年12月,2,,2023年12月,3
,,,2024年1月,332,,2024年1月,103,,2024年1月,4,,2024年1月,1
,,,2024年2月,129,,2024年2月,13,,2024年2月,2,,2024年2月,102
,,,2024年3月,387,,2024年3月,32,,2024年3月,1,,2024年3月,1
,,,2024年4月,878,,2024年4月,41,,2024年4月,3,,2024年4月,509
